Job Zone,Code,Occupation,url,Median Wage,Projected Growth,"Employment Change, 2024-2034",Projected Job Openings,Top Education Level,Sample Job Titles,Job Description,ai_proof_score,final_ranking,key_drivers
4,11-1021.00,General and Operations Managers,https://www.onetonline.org/link/summary/11-1021.00,"$49.50 hourly, $102,950 annual",Average (3% to 4%),4.4,"308,700",High school diploma or equivalent,"Business Manager, Center Manager, Department Manager, District Manager, General Manager (GM), Operations Director, Operations General Manager (Operations GM), Operations Manager, Plant Superintendent, Store Manager","Plan, direct, or coordinate the operations of public or private sector organizations, overseeing multiple departments or locations. Duties and responsibilities include formulating policies, managing daily operations, and planning the use of materials and human resources, but are too diverse and general in nature to be classified in any one functional area of management or administration, such as personnel, purchasing, or administrative services. Usually manage through subordinate supervisors. Excludes First-Line Supervisors.",3.6,0.712,"General and operations managers thrive because their core job is navigating complex organizational politics, managing competing stakeholder interests, and making high-stakes judgment calls that depend on deep knowledge of their specific organization. AI will actually help these managers by automating reporting, data analysis, and routine communications, freeing them to focus on strategy and people. The role's heavy reliance on reading human dynamics and institutional context makes it difficult for AI to replicate."
3,33-3051.00,Police and Sheriff's Patrol Officers,https://www.onetonline.org/link/summary/33-3051.00,"$36.68 hourly, $76,290 annual",Average (3% to 4%),3.1,"53,700",High school diploma or equivalent,"Deputy, Deputy Sheriff, Law Enforcement Officer, Patrol Deputy, Patrol Officer, Peace Officer, Police Officer, Police Patrol Officer, Public Safety Officer, State Trooper","Maintain order and protect life and property by enforcing local, tribal, state, or federal laws and ordinances. Perform a combination of the following duties: patrol a specific area; direct traffic; issue traffic summonses; investigate accidents; apprehend and arrest suspects, or serve legal processes of courts. Includes police officers working at educational institutions.",3.7,0.675,"Patrol officers must be physically present in unpredictable, often dangerous environments—responding to emergencies, making split-second decisions, and physically intervening in conflicts. They carry significant legal authority and personal liability for use of force and arrest decisions, which society requires a human to exercise. AI may help with report writing and data analysis, but the core job of showing up and making judgment calls on the street is deeply resistant to automation."
3,25-2011.00,"Preschool Teachers, Except Special Education",https://www.onetonline.org/link/summary/25-2011.00,"$17.85 hourly, $37,120 annual",Average (3% to 4%),4.1,"65,500",High school diploma or equivalent,"Child Development Teacher, Early Childhood Teacher, Group Teacher, Infant Teacher, Montessori Preschool Teacher, Nursery Teacher, Pre-Kindergarten Teacher (Pre-K Teacher), Teacher, Toddler Teacher","Instruct preschool-aged students, following curricula or lesson plans, in activities designed to promote social, physical, and intellectual growth.",3.5,0.663,"Preschool teaching is fundamentally about being physically present with young children and building the trusting, nurturing relationships that drive early childhood development. Parents are entrusting their children to a caring human—no AI substitute would be acceptable for this age group. The teacher grows alongside their students and adapts constantly to each child's emotional and developmental needs, making this a deeply human role that technology supports but cannot replace."
3,47-1011.00,First-Line Supervisors of Construction Trades and Extraction Workers,https://www.onetonline.org/link/summary/47-1011.00,"$37.83 hourly, $78,690 annual",Faster than average (5% to 6%),5.3,"74,400",Post-secondary certificate,"Coal Mine Production Foreman, Construction Foreman, Construction Supervisor, Electrical Supervisor, Field Operations Supervisor, Field Supervisor, Insulation Foreman, Roustabout Field Supervisor, Sheet Metal Foreman, Site Superintendent",Directly supervise and coordinate activities of construction or extraction workers.,3.4,0.662,"Construction supervisors must be physically present on job sites every day, managing crews across unpredictable conditions like weather, terrain, and material availability that change constantly. Their value comes from years of accumulated knowledge about how things actually get built—knowing which subcontractors to trust, how to sequence work around problems, and how to keep projects moving when plans fall apart. AI will help with scheduling and logistics, but the hands-on leadership and real-time human judgment on a construction site can't be automated."
3,47-2111.00,Electricians,https://www.onetonline.org/link/summary/47-2111.00,"$29.98 hourly, $62,350 annual",Much faster than average (7% or higher),9.5,"81,000",Post-secondary certificate,"Control Electrician, Electrical Journey Person, Electrical Troubleshooter, Electrician, Housing Maintenance Electrician, Industrial Electrician, Inside Wireman, Maintenance Electrician, Paper Mill Electrician, Wireman","Install, maintain, and repair electrical wiring, equipment, and fixtures. Ensure that work is in accordance with relevant codes. May install or service street lights, intercom systems, or electrical control systems.",3.2,0.659,"Electricians work in constantly changing physical environments—new construction sites, existing buildings with hidden wiring, and outdoor settings—where every job is a little different and robots simply can't operate effectively. The work requires state licensure and code compliance, meaning a qualified human must be responsible for the finished product. Homeowners and businesses also place real trust in their electrician, especially for safety-critical work, and growing electrification trends should support steady demand."
3,33-1021.00,First-Line Supervisors of Firefighting and Prevention Workers,https://www.onetonline.org/link/summary/33-1021.00,"$44.44 hourly, $92,430 annual",Average (3% to 4%),3.4,"6,500",High school diploma or equivalent,"Engine Boss, Fire Battalion Chief, Fire Captain, Fire Chief, Fire Lieutenant, Fire Marshal, Fire Prevention Chief, Fire Suppression Captain, Forest Fire Specialist Supervisor, Section Forest Fire Warden",Directly supervise and coordinate activities of workers engaged in firefighting and fire prevention and control.,3.9,0.657,"Fire supervisors lead crews into genuinely dangerous, chaotic environments where every incident is different and mistakes cost lives—this is exactly the kind of novel, high-stakes judgment that AI cannot replicate. Physical presence at the scene is non-negotiable, and these leaders carry serious legal and ethical responsibility for crew safety and incident outcomes. The role also transforms its practitioners over time; years of emergency experience build intuition and leadership capacity that are inseparable from the value they deliver."
3,29-1126.00,Respiratory Therapists,https://www.onetonline.org/link/summary/29-1126.00,"$38.68 hourly, $80,450 annual",Much faster than average (7% or higher),12.1,"8,800",Associate's degree,"Cardiopulmonary Rehabilitation Respiratory Therapist, Certified Respiratory Therapist (CRT), Registered Respiratory Therapist (RRT), Respiratory Care Practitioner (RCP), Respiratory Therapist (RT), Staff Respiratory Therapist, Staff Therapist","Assess, treat, and care for patients with breathing disorders. Assume primary responsibility for all respiratory care modalities, including the supervision of respiratory therapy technicians. Initiate and conduct therapeutic procedures; maintain patient records; and select, assemble, check, and operate equipment.",3.5,0.657,"Respiratory therapists must be physically at the bedside, managing airways and operating life-support equipment on real patients in critical situations. They are licensed professionals with direct accountability for patient outcomes, and the hands-on clinical nature of the work makes it very hard to automate. AI will actually help by streamlining charting and monitoring, freeing therapists to focus on more patients—and an aging population means demand is growing."
3,49-9041.00,Industrial Machinery Mechanics,https://www.onetonline.org/link/summary/49-9041.00,"$30.65 hourly, $63,760 annual",Much faster than average (7% or higher),16.1,"45,700",Post-secondary certificate,"Industrial Machinery Mechanic, Industrial Mechanic, Loom Fixer, Loom Technician, Machine Adjuster, Machine Mechanic, Maintenance Technician, Mechanic, Overhauler, Sewing Machine Mechanic","Repair, install, adjust, or maintain industrial production and processing machinery or refinery and pipeline distribution systems. May also install, dismantle, or move machinery and heavy equipment according to plans.",3.1,0.654,"This job is fundamentally hands-on—mechanics diagnose and repair complex industrial equipment in unpredictable, physically demanding environments where every machine and breakdown is different. Robots cannot replicate the dexterity and real-time problem-solving needed to work on aging, varied equipment in tight spaces. Their deep familiarity with specific plant machinery makes them hard to replace, and as factories adopt more automated systems, someone still needs to keep those systems running."
3,29-2053.00,Psychiatric Technicians,https://www.onetonline.org/link/summary/29-2053.00,"$20.47 hourly, $42,590 annual",Much faster than average (7% or higher),20,"15,900",Associate's degree,"BHT (Behavioral Health Technician), Health Care Technician (Health Care Tech), LPT (Licensed Psychiatric Technician), Mental Health Associate, Mental Health Specialist, Mental Health Technician (MHT), MHA (Mental Health Assistant), MHW (Mental Health Worker), Psychiatric Technician (PT), Residential Aide (RA)","Care for individuals with mental or emotional conditions or disabilities, following the instructions of physicians or other health practitioners. Monitor patients' physical and emotional well-being and report to medical staff. May participate in rehabilitation and treatment programs, help with personal hygiene, and administer oral or injectable medications.",3.2,0.651,"Psychiatric technicians work directly with patients in clinical settings, monitoring behavior, administering medications, and responding to crises that require real-time human presence and judgment. Patients in psychiatric care need to trust the people around them, and that human relationship is central to effective treatment. AI may help with documentation and monitoring, freeing these workers to spend more time on direct patient care."
3,29-2043.00,Paramedics,https://www.onetonline.org/link/summary/29-2043.00,"$28.08 hourly, $58,410 annual",Faster than average (5% to 6%),5,"4,900",Associate's degree,"First Responder, Flight Paramedic, Paramedic","Administer basic or advanced emergency medical care and assess injuries and illnesses. May administer medication intravenously, use equipment such as EKGs, or administer advanced life support to sick or injured individuals.",3.8,0.65,"Paramedics must be physically present in chaotic, unpredictable emergency scenes—car accidents, homes, public spaces—where no two calls are alike and split-second life-or-death decisions are routine. They are licensed medical professionals who bear direct legal responsibility for patient care. Patients and families also deeply need the human presence and trust that comes with emergency medical care, something no AI system can replace when someone's life is on the line."
3,29-1292.00,Dental Hygienists,https://www.onetonline.org/link/summary/29-1292.00,"$45.32 hourly, $94,260 annual",Much faster than average (7% or higher),7,"15,300",Associate's degree,"Dental Hygienist, Hygienist, Licensed Dental Hygienist, Pediatric Dental Hygienist, Registered Dental Hygienist (RDH)",Administer oral hygiene care to patients. Assess patient oral hygiene problems or needs and maintain health records. Advise patients on oral health maintenance and disease prevention. May provide advanced care such as providing fluoride treatment or administering topical anesthesia.,3.5,0.649,"Dental hygienists perform hands-on clinical work inside a patient's mouth—scaling, polishing, and applying treatments—in a way that demands fine motor skill and real-time adaptation that robots cannot replicate. They are licensed professionals with direct accountability for the care they provide, and patients build trust with their hygienist over years of regular visits. AI may help with charting and patient education, but the physical, relational core of this work is very well protected."
3,31-2021.00,Physical Therapist Assistants,https://www.onetonline.org/link/summary/31-2021.00,"$31.50 hourly, $65,510 annual",Much faster than average (7% or higher),22,"19,800",Associate's degree,"Certified Physical Therapist Assistant (CPTA), Home Care Physical Therapy Assistant, Home Health Physical Therapist Assistant, Licensed Physical Therapist Assistant (LPTA), Licensed Physical Therapy Assistant, Outpatient Physical Therapist Assistant, Per Diem Physical Therapist Assistant (Per Diem PTA), Physical Therapist Assistant (PTA), Physical Therapy Assistant (PTA)","Assist physical therapists in providing physical therapy treatments and procedures. May, in accordance with state laws, assist in the development of treatment plans, carry out routine functions, document the progress of treatment, and modify specific treatments in accordance with patient status and within the scope of treatment plans established by a physical therapist. Generally requires formal training.",3.1,0.647,"Physical therapist assistants work hands-on with patients—guiding exercises, providing manual therapy, and adapting treatments in real time based on how someone's body responds. Patients build trust with their PTA over weeks of recovery, and that relationship directly affects outcomes. The role requires licensure and carries meaningful clinical responsibility. AI may help with documentation and exercise planning, but the physical, relational core of this work is very hard to replace."
3,33-3051.04,Customs and Border Protection Officers,https://www.onetonline.org/link/summary/33-3051.04,"$36.68 hourly, $76,290 annual",Average (3% to 4%),,"53,700",High school diploma or equivalent,"Canine Enforcement Officer (K-9 Enforcement Officer), Customs Inspector, Customs Officer, Import Specialist, Special Agent, US Customs and Border Protection Officer (US CBPO)","Investigate and inspect persons, common carriers, goods, and merchandise, arriving in or departing from the United States or between states to detect violations of immigration and customs laws and regulations.",3.6,0.643,"This role demands hands-on physical presence at ports of entry and border crossings, making real-time decisions about people and cargo in unpredictable situations. Officers carry legal authority to detain, search, and deny entry—responsibilities that laws require a human to exercise. AI tools may help with screening and data analysis, but the face-to-face judgment calls and enforcement actions must remain with a sworn officer."
2,31-1121.00,Home Health Aides,https://www.onetonline.org/link/summary/31-1121.00,"$16.78 hourly, $34,900 annual",Much faster than average (7% or higher),,"765,800",High school diploma or equivalent,"Caregiver, Certified Home Health Aide (CHHA), Certified Medical Aide (CMA), Certified Nurses Aide (CNA), Home Attendant, Home Care Aide, Home Health Aide (HHA), Home Health Provider, Hospice Aide, In Home Caregiver","Monitor the health status of an individual with disabilities or illness, and address their health-related needs, such as changing bandages, dressing wounds, or administering medication. Work is performed under the direction of offsite or intermittent onsite licensed nursing staff. Provide assistance with routine healthcare tasks or activities of daily living, such as feeding, bathing, toileting, or ambulation. May also help with tasks such as preparing meals, doing light housekeeping, and doing laundry depending on the patient's abilities.",3.1,0.639,"Home health aides provide hands-on personal care—bathing, dressing, mobility assistance—in patients' homes, which requires being physically present in highly variable environments that robots cannot navigate. Equally important, patients and families rely on the human connection and trust that comes from having a consistent, caring person in their home. While the clinical judgment required is limited, the combination of irreplaceable physical presence and deep human trust makes this role quite resilient, and aging populations will likely increase demand."
5,29-9099.01,Midwives,https://www.onetonline.org/link/summary/29-9099.01,"$30.78 hourly, $64,030 annual",Average (3% to 4%),,"2,600",Post-secondary certificate,"Birth Center Midwife, Certified Direct-Entry Midwife, Certified Professional Midwife (CPM), Homebirth Midwife, Lay Midwife, Licensed and Certified Midwife, Licensed Certified Professional Midwife, Licensed Direct Entry Midwife, Licensed Midwife (LM)",Provide prenatal care and childbirth assistance.,4.1,0.639,"Midwifery is deeply hands-on work where physical presence, clinical dexterity, and the trust between a birthing person and their provider are absolutely central. Every labor is different and can shift from routine to high-stakes in moments, requiring real-time judgment that carries direct legal and ethical responsibility. AI can assist with monitoring and documentation, but no technology can replace the human who physically delivers a baby and holds accountability for those critical decisions."
3,33-2011.00,Firefighters,https://www.onetonline.org/link/summary/33-2011.00,"$28.62 hourly, $59,530 annual",Average (3% to 4%),3.4,"27,100",High school diploma or equivalent,"Fire Engineer, Fire Equipment Operator, Fire Fighter, Fire Management Specialist, Fire Technician (Fire Tech), Firefighter, Forest Fire Suppression Specialist, Forestry Fire Technician (Forestry Fire Tech), Hot Shot, Wildland Firefighter","Control and extinguish fires or respond to emergency situations where life, property, or the environment is at risk. Duties may include fire prevention, emergency medical service, hazardous material response, search and rescue, and disaster assistance.",3.5,0.638,"Firefighting is fundamentally about showing up in dangerous, chaotic, unstructured environments and making split-second life-or-death decisions—something no robot or AI can reliably do. Communities trust firefighters not just to fight fires but to rescue people, provide emergency medical care, and be a calming human presence in crisis. The physical demands and unpredictable nature of every emergency make this one of the most AI-resistant occupations."
4,11-3051.00,Industrial Production Managers,https://www.onetonline.org/link/summary/11-3051.00,"$58.39 hourly, $121,440 annual",Slower than average (1% to 2%),1.9,"17,100",High school diploma or equivalent,"Area Plant Manager, Assembly Manager, General Production Manager, Manufacturing Coordinator, Manufacturing Manager, Plant Manager, Product Line Manager, Production Control Manager, Production Manager, Sub Plant Manager","Plan, direct, or coordinate the work activities and resources necessary for manufacturing products in accordance with cost, quality, and quantity specifications.",3.7,0.636,"Production managers are the human hub of a factory—they make high-stakes calls about staffing, scheduling, and quality while navigating competing priorities from corporate leadership, workers, and customers. Their years of deep knowledge about specific facilities, supply chains, and teams are nearly impossible for AI to replicate. AI will actually make them more effective by automating reporting and routine scheduling, letting them focus on the leadership and judgment that keeps production running smoothly."
3,19-4092.00,Forensic Science Technicians,https://www.onetonline.org/link/summary/19-4092.00,"$32.42 hourly, $67,440 annual",Much faster than average (7% or higher),12.8,"2,900",Post-secondary certificate,"Crime Lab Analyst (Crime Laboratory Analyst), Crime Scene Analyst (CSA), Crime Scene Technician (Crime Scene Tech), Criminalist, CSI (Crime Scene Investigator), Evidence Technician (Evidence Tech), Forensic Science Examiner, Forensic Scientist, Forensic Specialist, Latent Print Examiner","Collect, identify, classify, and analyze physical evidence related to criminal investigations. Perform tests on weapons or substances, such as fiber, hair, and tissue to determine significance to investigation. May testify as expert witnesses on evidence or crime laboratory techniques. May serve as specialists in area of expertise, such as ballistics, fingerprinting, handwriting, or biochemistry.",3.5,0.635,"Forensic science technicians must physically collect and process evidence at crime scenes—often chaotic, unpredictable environments where careful hands-on work is essential. Their findings carry legal weight in court, meaning a credentialed human must stand behind the analysis and testify. AI will actually help by speeding up database searches, pattern matching, and routine lab analysis, freeing technicians to focus on the most complex casework and expanding their capacity."
3,31-2011.00,Occupational Therapy Assistants,https://www.onetonline.org/link/summary/31-2011.00,"$32.86 hourly, $68,340 annual",Much faster than average (7% or higher),19.2,"7,200",Associate's degree,"Acute Care Occupational Therapy Assistant (Acute Care OT Assistant), Certified Occupational Assistant, Certified Occupational Therapist Assistant (COTA), Certified Occupational Therapy Assistant (COTA), Licensed Occupational Therapist Assistant (LOTA), Licensed Occupational Therapy Assistant (LOTA), Occupational Therapist Assistant (OTA), Occupational Therapy Assistant (OTA), Registered Therapist Assistant, School Based Certified Occupational Therapy Assistant (School Based COTA)","Assist occupational therapists in providing occupational therapy treatments and procedures. May, in accordance with state laws, assist in development of treatment plans, carry out routine functions, direct activity programs, and document the progress of treatments. Generally requires formal training.",3.2,0.632,"Occupational therapy assistants provide direct, physical rehabilitation care to patients, guiding them through exercises and adapting treatment plans in real time based on how each person responds. They hold a license and are accountable for the care they deliver, and patients build genuine trust with them over the course of treatment. AI can streamline their documentation, but it can't replace the hands-on, relationship-driven nature of the work."
3,49-9071.00,"Maintenance and Repair Workers, General",https://www.onetonline.org/link/summary/49-9071.00,"$23.38 hourly, $48,620 annual",Average (3% to 4%),3.8,"159,800",Post-secondary certificate,"Building Mechanic, Equipment Engineering Technician, Facilities Technician, Maintenance Engineer, Maintenance Journeyman, Maintenance Man, Maintenance Mechanic, Maintenance Specialist, Maintenance Technician, Maintenance Worker","Perform work involving the skills of two or more maintenance or craft occupations to keep machines, mechanical equipment, or the structure of a building in repair. Duties may involve pipe fitting; HVAC maintenance; insulating; welding; machining; carpentry; repairing electrical or mechanical equipment; installing, aligning, and balancing new equipment; and repairing buildings, floors, or stairs.",3.1,0.631,"General maintenance workers show up in person to fix a huge variety of problems across unpredictable environments—plumbing one hour, electrical the next, drywall after that—which makes automation extremely difficult. Their value grows with years of experience in a specific building or facility, where knowing the quirks and history of the systems saves enormous time. The sheer diversity and physical nature of the work provides strong protection, even though the role doesn't require formal licensing."
3,49-3023.00,Automotive Service Technicians and Mechanics,https://www.onetonline.org/link/summary/49-3023.00,"$23.88 hourly, $49,670 annual",Average (3% to 4%),4.2,"70,000",Post-secondary certificate,"Automotive Drivability Technician (Auto Drivability Tech), Automotive Mechanic (Auto Mechanic), Automotive Service Technician (Auto Service Tech), Automotive Technician (Auto Tech), Diagnostic Technician (Diagnostic Tech), Heavy Line Technician (Heavy Line Tech), Lube Tech (Lubrication Technician), Mechanic, Quick Service Technician (Quick Service Tech), Service Technician (Service Tech)","Diagnose, adjust, repair, or overhaul automotive vehicles.",3.2,0.628,"Auto mechanics work hands-on with vehicles in unpredictable conditions—diagnosing problems that don't always show up in computer scans and physically making repairs in tight, awkward spaces. Customers also value a trusted mechanic they can rely on, adding a relationship layer. As vehicles grow more complex with software and electronics, AI diagnostic tools will actually help mechanics work faster and handle more vehicles, making this a role where technology expands what the worker can do rather than replacing them."
3,39-9031.00,Exercise Trainers and Group Fitness Instructors,https://www.onetonline.org/link/summary/39-9031.00,"$22.20 hourly, $46,180 annual",Much faster than average (7% or higher),11.9,"74,200",Post-secondary certificate,"Aerobics Instructor, Fitness Instructor, Fitness Specialist, Fitness Trainer, Group Exercise Instructor, Group Fitness Instructor, Personal Trainer, Private Trainer, Strength and Conditioning Coach, Yoga Instructor","Instruct or coach groups or individuals in exercise activities for the primary purpose of personal fitness. Demonstrate techniques and form, observe participants, and explain to them corrective measures necessary to improve their skills. Develop and implement individualized approaches to exercise.",2.9,0.628,"Fitness trainers and group instructors are fundamentally in-person roles—clients show up for the energy, accountability, and motivation that come from a real human leading the workout. The physical presence and personal trust relationship are strong natural protections against AI. However, the role doesn't require high-stakes judgment or professional licensing, and AI-powered fitness apps are already competing for the routine programming side of the work, which limits the overall resilience score."
2,33-1012.00,First-Line Supervisors of Police and Detectives,https://www.onetonline.org/link/summary/33-1012.00,"$50.95 hourly, $105,980 annual",Average (3% to 4%),2.9,"10,900",High school diploma or equivalent,"Captain, Deputy Sheriff, Detective Sergeant, Lieutenant, Patrol Sergeant, Police Captain, Police Chief, Police Lieutenant, Police Sergeant, Shift Supervisor",Directly supervise and coordinate activities of members of police force.,3.6,0.626,"Leading police officers and detectives demands high-stakes judgment in dangerous, unpredictable situations where lives are on the line and legal accountability is significant. These supervisors must be physically present at scenes, make split-second decisions about use of force, and navigate complex community and political relationships. AI can assist with data analysis and surveillance, but the authority and accountability to direct law enforcement operations must remain with a human leader."
3,49-9021.00,"Heating, Air Conditioning, and Refrigeration Mechanics and Installers",https://www.onetonline.org/link/summary/49-9021.00,"$28.75 hourly, $59,810 annual",Much faster than average (7% or higher),8.1,"40,100",Post-secondary certificate,"A/C Tech (Air Conditioning Technician); HVAC Installer (Heating, Ventilation, and Air Conditioning Installer); HVAC Mechanic (Heating, Ventilation, and Air Conditioning Mechanic); HVAC Service Tech (Heating, Ventilation, and Air Conditioning Service Technician); HVAC Specialist (Heating, Ventilation, and Air Conditioning Specialist); HVAC Tech (Heating, Ventilation, and Air Conditioning Technician); Refrigeration Mechanic; Refrigeration Operator; Refrigeration Technician (Refrigeration Tech); Service Technician (Service Tech)","Install or repair heating, central air conditioning, HVAC, or refrigeration systems, including oil burners, hot-air furnaces, and heating stoves.",3.1,0.626,"HVAC technicians work hands-on in unpredictable environments—crawling through attics, diagnosing problems in unique building layouts, and handling refrigerants that require licensed expertise. Every job site is different, and the physical troubleshooting and installation work is extremely difficult for robots to replicate. AI may help with diagnostics, but the hands-on repair and legal requirements around refrigerant handling keep this role well-protected."
3,29-2042.00,Emergency Medical Technicians,https://www.onetonline.org/link/summary/29-2042.00,"$19.88 hourly, $41,340 annual",Faster than average (5% to 6%),5.1,"14,100",Associate's degree,"Emergency Medical Technician (EMT), First Responder",Assess injuries and illnesses and administer basic emergency medical care. May transport injured or sick persons to medical facilities.,3.4,0.624,"EMTs work in chaotic, unstructured environments—accident scenes, homes, public spaces—where they must physically stabilize patients and make rapid triage decisions under pressure. Patients and families need a calm, trustworthy human presence during their worst moments, not a machine. AI diagnostic tools may help EMTs make better field decisions, but the physical, hands-on nature of emergency medical response ensures humans remain essential on the scene."
3,35-1011.00,Chefs and Head Cooks,https://www.onetonline.org/link/summary/35-1011.00,"$29.32 hourly, $60,990 annual",Much faster than average (7% or higher),7.1,"24,400",Associate's degree,"Banquet Chef, Chef, Cook, Executive Chef (Ex Chef), Executive Pastry Chef, Executive Sous Chef, Food and Beverage Director, Head Cook, Kitchen Manager, Sous Chef","Direct and may participate in the preparation, seasoning, and cooking of salads, soups, fish, meats, vegetables, desserts, or other foods. May plan and price menu items, order supplies, and keep records and accounts.",3.2,0.623,"Head chefs combine physical kitchen leadership with genuine creativity—designing menus, developing flavors, and responding to the unpredictable flow of a busy service. Their personal culinary point of view is a major part of what makes a restaurant distinctive, and diners value that human artistry. AI can help with recipe development and inventory management, but it can't taste, lead a kitchen team under pressure, or build the creative identity that defines a dining experience."
3,47-2152.00,"Plumbers, Pipefitters, and Steamfitters",https://www.onetonline.org/link/summary/47-2152.00,"$30.27 hourly, $62,970 annual",Faster than average (5% to 6%),4.5,"44,000",Post-secondary certificate,"Drain Technician, Fire Sprinkler Service Technician, Pipe Welder, Pipefitter, Plumber, Plumbing Installer, Residential Plumber, Service Plumber, Sprinkler Fitter, Steamfitter","Assemble, install, alter, and repair pipelines or pipe systems that carry water, steam, air, or other liquids or gases. May install heating and cooling equipment and mechanical control systems. Includes sprinkler fitters.",3.2,0.62,"Plumbers, pipefitters, and steamfitters work in highly unstructured environments—crawling under houses, working in tight spaces, and solving unique problems at every job site—making this extremely hard to automate. The work requires licensed professionals who must meet building codes, adding a layer of legal protection. Each job presents different challenges that demand real-time problem-solving, and growing construction and infrastructure needs ensure steady demand that AI won't diminish."
3,49-9081.00,Wind Turbine Service Technicians,https://www.onetonline.org/link/summary/49-9081.00,"$30.09 hourly, $62,580 annual",Much faster than average (7% or higher),49.9,"2,300",Post-secondary certificate,"Field Service Technician, Renewable Energy Technician, Service Technician, Troubleshooting Technician, Wind Farm Support Specialist, Wind Technician, Wind Turbine Operator, Wind Turbine Service Technician, Wind Turbine Technician, Wind Turbine Troubleshooting Technician","Inspect, diagnose, adjust, or repair wind turbines. Perform maintenance on wind turbine equipment including resolving electrical, mechanical, and hydraulic malfunctions.",3,0.619,"Wind turbine technicians climb hundreds of feet into turbine nacelles in all weather conditions to diagnose and repair complex mechanical and electrical systems — work that demands physical dexterity and on-the-spot problem-solving in environments no robot can currently handle. As the number of installed wind turbines grows rapidly, demand for hands-on service technicians grows right along with it. This is one of the fastest-growing occupations in the country precisely because the machines need human hands to stay running."
3,49-9062.00,Medical Equipment Repairers,https://www.onetonline.org/link/summary/49-9062.00,"$30.11 hourly, $62,630 annual",Much faster than average (7% or higher),12.9,"7,300",Associate's degree,"Biomedical Electronics Technician (Biomed Electronics Tech), Biomedical Engineering Technician (Biomed Engineering Tech), Biomedical Equipment Technician (BMET), Biomedical Technician (Biomed Tech), Dental Equipment Technician (Dental Equipment Tech), Durable Medical Equipment Technician (DME Tech), Medical Equipment Service Tech (Medical Equipment Service Technician), Repair Technician (Repair Tech), Service Technician (Service Tech), X-ray Service Engineer","Test, adjust, or repair biomedical or electromedical equipment.",3.2,0.618,"Repairing medical equipment demands hands-on troubleshooting in hospitals and clinics—physically diagnosing and fixing complex machines in unpredictable conditions that robots cannot handle. As healthcare facilities adopt more AI-powered and networked equipment, the demand for skilled repairers who understand both hardware and software will grow. Regulatory requirements also ensure that a qualified human must certify that life-critical equipment is safe to use."
3,31-9092.00,Medical Assistants,https://www.onetonline.org/link/summary/31-9092.00,"$21.25 hourly, $44,200 annual",Much faster than average (7% or higher),12.5,"112,300",Associate's degree,"Certified Medical Assistant (CMA), Chiropractor Assistant, Clinical Medical Assistant, Doctor's Assistant, Health Assistant, Ophthalmic Assistant, Ophthalmological Assistant, Optometric Assistant, Outpatient Surgery Assistant, Registered Medical Assistant (RMA)","Perform administrative and certain clinical duties under the direction of a physician. Administrative duties may include scheduling appointments, maintaining medical records, billing, and coding information for insurance purposes. Clinical duties may include taking and recording vital signs and medical histories, preparing patients for examination, drawing blood, and administering medications as directed by physician.",2.7,0.614,"Medical assistants are protected by the need to physically be with patients—taking vitals, drawing blood, preparing exam rooms, and providing comfort that requires a human presence. However, the clinical judgment required is relatively limited, and much of the administrative side of the role is highly automatable. AI will handle scheduling, documentation, and routine triage questions, though the in-person patient interaction keeps this role from being fully displaced."
3,49-3011.00,Aircraft Mechanics and Service Technicians,https://www.onetonline.org/link/summary/49-3011.00,"$37.83 hourly, $78,680 annual",Average (3% to 4%),4,"11,300",Post-secondary certificate,"Aircraft Maintainer, Aircraft Maintenance Technician (Aircraft Maintenance Tech), Aircraft Mechanic, Aircraft Restorer, Aircraft Service Technician (Aircraft Service Tech), Aircraft Technician (Aircraft Tech), Airframe and Powerplant Mechanic (A and P Mechanic), Aviation Maintenance Technician (AMT), Aviation Mechanic, Helicopter Mechanic","Diagnose, adjust, repair, or overhaul aircraft engines and assemblies, such as hydraulic and pneumatic systems.",3.4,0.612,"Aircraft mechanics work hands-on with complex machinery in physically demanding, unstructured environments—crawling into tight spaces, diagnosing problems by sight and touch, and making repairs that no robot can reliably perform today. They must hold FAA certifications and personally sign off on airworthiness, creating a hard legal requirement for human accountability. AI-powered diagnostics may help them find problems faster, but a licensed human must still do and certify the work."
3,53-2012.00,Commercial Pilots,https://www.onetonline.org/link/summary/53-2012.00,"$122,670 annual",Faster than average (5% to 6%),5.1,"6,600",Associate's degree,"Captain, Charter Pilot, Check Airman, Commercial Helicopter Pilot, Commercial Pilot, EMS Helicopter Pilot (Emergency Medical Service Helicopter Pilot), First Officer, Helicopter Pilot, Line Pilot, Pilot","Pilot and navigate the flight of fixed-wing aircraft on nonscheduled air carrier routes, or helicopters. Requires Commercial Pilot certificate. Includes charter pilots with similar certification, and air ambulance and air tour pilots. Excludes regional, national, and international airline pilots.",3.4,0.608,"Commercial pilots must be physically present in the cockpit, hold FAA licenses, and bear direct legal responsibility for every flight. While autopilot handles routine flying, pilots are essential for handling emergencies, unusual weather, and non-standard situations where lives are at stake. Regulations require a licensed human at the controls, and society is unlikely to accept fully autonomous commercial flights anytime soon."
3,11-9199.09,Wind Energy Operations Managers,https://www.onetonline.org/link/summary/11-9199.09,"$65.65 hourly, $136,550 annual",Faster than average (5% to 6%),,"106,700",Associate's degree,"Service Site Manager, Site Manager, Turbine Site Manager, Wind Facilities Manager, Wind Operations Supervisor, Wind Plant Manager, Wind Plant Operations Manager, Wind Site Manager, Wind Site Supervisor, Wind Technician Leader","Manage wind field operations, including personnel, maintenance activities, financial activities, and planning.",3.2,0.608,"Operations managers for wind energy facilities coordinate maintenance teams, manage safety protocols, and make judgment calls about turbine performance across sprawling sites. Their value comes from deep knowledge of their specific fleet, workforce relationships, and the ability to navigate competing priorities between production targets and safety. As the installed base of wind turbines grows, more operations managers are needed to keep everything running."
2,47-2031.00,Carpenters,https://www.onetonline.org/link/summary/47-2031.00,"$28.51 hourly, $59,310 annual",Faster than average (5% to 6%),4.5,"74,100",High school diploma or equivalent,"Bridge Carpenter, Cabinet Maker, Carpenter, Concrete Carpenter, Construction Carpenter, Form Carpenter, Framer, Maintenance Carpenter, Rough Carpenter, Scaffold Builder","Construct, erect, install, or repair structures and fixtures made of wood and comparable materials, such as concrete forms; building frameworks, including partitions, joists, studding, and rafters; and wood stairways, window and door frames, and hardwood floors. May also install cabinets, siding, drywall, and batt or roll insulation. Includes brattice builders who build doors or brattices (ventilation walls or partitions) in underground passageways.",3,0.607,"Carpentry is fundamentally physical work done in unstructured, constantly changing environments—every job site is different, requiring skilled hands and real-time adaptation that robots can't yet match. The judgment involved in reading materials, adjusting to site conditions, and solving unexpected structural problems adds further protection. However, the role doesn't carry strong legal accountability or deep trust relationships, which limits its overall resilience ceiling."
3,29-2056.00,Veterinary Technologists and Technicians,https://www.onetonline.org/link/summary/29-2056.00,"$22.11 hourly, $45,980 annual",Much faster than average (7% or higher),9.1,"14,300",High school diploma or equivalent,"Certified Veterinary Technician (CVT), Emergency Veterinary Technician (Emergency Vet Tech), Internal Medicine Veterinary Technician (Internal Medicine Vet Tech), Licensed Veterinary Technician (LVT), Registered Veterinary Technician (RVT), Veterinarian Technician (Vet Tech), Veterinary Laboratory Technician (Vet Lab Tech), Veterinary Nurse (Vet Nurse), Veterinary Technician (Vet Tech), Veterinary Technologist","Perform medical tests in a laboratory environment for use in the treatment and diagnosis of diseases in animals. Prepare vaccines and serums for prevention of diseases. Prepare tissue samples, take blood samples, and execute laboratory tests, such as urinalysis and blood counts. Clean and sterilize instruments and materials and maintain equipment and machines. May assist a veterinarian during surgery.",3.1,0.607,"Vet techs work directly with animals—restraining patients, assisting in surgery, collecting samples, and administering treatments—in unpredictable physical environments that require real dexterity and presence. They operate under credentialing requirements and make clinical observations that feed into veterinary decision-making. As AI helps veterinarians become more productive and see more patients, demand for skilled vet techs to handle the hands-on clinical work is likely to grow alongside."
3,31-9011.00,Massage Therapists,https://www.onetonline.org/link/summary/31-9011.00,"$27.86 hourly, $57,950 annual",Much faster than average (7% or higher),15.4,"24,700",Post-secondary certificate,"Bodywork Therapist, Certified Massage Therapist (CMT), Clinical Massage Therapist, Integrated Deep Tissue Massage Therapist, Licensed Massage Practitioner (LMP), Licensed Massage Therapist (LMT), Massage Therapist, Registered Massage Therapist (RMT), Soft Tissue Specialist, Therapeutic Massage Technician","Perform therapeutic massages of soft tissues and joints. May assist in the assessment of range of motion and muscle strength, or propose client therapy plans.",2.8,0.601,"Massage therapy is one of the most physically hands-on jobs that exists—every body is different, and the work requires skilled human touch in direct contact with a client who values the personal, trusting nature of the experience. Licensed therapists carry real accountability for client safety. However, the role doesn't involve complex novel judgment, AI doesn't create new demand for massage, and there's little administrative burden for AI to relieve. The physical and relational nature of the work is what keeps it safe."
2,31-1122.00,Personal Care Aides,https://www.onetonline.org/link/summary/31-1122.00,"$16.78 hourly, $34,900 annual",Much faster than average (7% or higher),,"765,800",High school diploma or equivalent,"Care Provider, Caregiver, Direct Care Worker, Home Care Aide, Medication Aide, Personal Care Aide, Personal Care Assistant (PCA), Personal Care Attendant (PCA), Resident Assistant, Resident Care Assistant (RCA)","Provide personalized assistance to individuals with disabilities or illness who require help with personal care and activities of daily living support (e.g., feeding, bathing, dressing, grooming, toileting, and ambulation). May also provide help with tasks such as preparing meals, doing light housekeeping, and doing laundry. Work is performed in various settings depending on the needs of the care recipient and may include locations such as their home, place of work, out in the community, or at a daytime nonresidential facility.",2.8,0.601,"Personal care aides are deeply protected by the physical, hands-on nature of the work—helping people bathe, dress, eat, and move through their homes requires a human body in unpredictable settings that robots can't handle. Clients and families also value the personal bond and trust that comes with intimate caregiving. However, the role has no licensing requirements and limited high-stakes judgment, and AI won't significantly expand what aides can do, which keeps the overall score moderate."
3,49-1011.00,"First-Line Supervisors of Mechanics, Installers, and Repairers",https://www.onetonline.org/link/summary/49-1011.00,"$37.64 hourly, $78,300 annual",Average (3% to 4%),3.1,"52,400",High school diploma or equivalent,"Electrical and Instrumentation Supervisor (E and I Supervisor), Facilities Maintenance Supervisor, Facility Maintenance Supervisor, Maintenance Coordinator, Maintenance Foreman, Maintenance Manager, Maintenance Planner, Maintenance Superintendent, Maintenance Supervisor, Service Manager","Directly supervise and coordinate the activities of mechanics, installers, and repairers. May also advise customers on recommended services. Excludes team or work leaders.",3.1,0.6,"This role is grounded in physical worksites—supervising repairs in unpredictable environments that require hands-on troubleshooting and real-time decision-making. Deep knowledge of specific equipment, crews, and facility quirks builds over years and is hard for AI to replicate. AI tools may help with scheduling and diagnostics, but someone still needs to be on the floor making judgment calls and managing the team."
3,47-1011.03,Solar Energy Installation Managers,https://www.onetonline.org/link/summary/47-1011.03,"$37.83 hourly, $78,690 annual",Faster than average (5% to 6%),,"74,400",High school diploma or equivalent,"Commercial Field Manager, Commercial Solar Superintendent, Installation Manager, Residential Field Manager, Residential Field Supervisor, Solar Energy Installation Manager, Solar Field Supervisor, Solar Installation Crew Foreman, Solar Installation Manager, Solar Installation Supervisor",Direct work crews installing residential or commercial solar photovoltaic or thermal systems.,3.2,0.6,"This role requires hands-on supervision at job sites where conditions change daily—rooftops, weather, and crew coordination can't be managed remotely by software. Managers must make real-time judgment calls about safety, code compliance, and installation quality. As AI streamlines project planning and permitting, demand for skilled managers who can oversee more installations simultaneously is likely to grow."
3,29-2057.00,Ophthalmic Medical Technicians,https://www.onetonline.org/link/summary/29-2057.00,"$21.19 hourly, $44,080 annual",Much faster than average (7% or higher),19.8,"12,500",High school diploma or equivalent,"Certified Ophthalmic Medical Technician (Certified Ophthalmic Medical Tech), Certified Ophthalmic Surgical Assistant, Certified Ophthalmic Technician (COT), Certified Ophthalmic Technician-Surgical Assistant (COT-SA), Health Technician (Health Tech), Ophthalmic Assistant, Ophthalmic Diagnostic Sonographer, Ophthalmic Medical Assistant, Ophthalmic Medical Technician (Ophthalmic Medical Tech), Ophthalmic Tech (Ophthalmic Technician)","Assist ophthalmologists by performing ophthalmic clinical functions. May administer eye exams, administer eye medications, and instruct the patient in care and use of corrective lenses.",2.8,0.595,"Ophthalmic medical technicians work directly with patients, performing eye exams and diagnostic tests that require hands-on skill and patient interaction in clinical settings. Patients need a real person guiding them through procedures and putting them at ease. While AI-powered diagnostic tools are improving rapidly and could automate some testing and screening tasks, the in-person clinical work and patient-facing nature of the role provide meaningful protection."
2,11-9051.00,Food Service Managers,https://www.onetonline.org/link/summary/11-9051.00,"$31.40 hourly, $65,310 annual",Faster than average (5% to 6%),6.4,"42,000",High school diploma or equivalent,"Banquet Manager, Catering Manager, CDM (Certified Dietary Manager), Dining Service Director, F and B Manager (Food and Beverage Manager), Food Service Director, Food Service Manager, Food Service Supervisor, Kitchen Manager, Restaurant Manager","Plan, direct, or coordinate activities of an organization or department that serves food and beverages.",2.9,0.593,"Food service managers need to be on-site to handle the unpredictable reality of running a kitchen and dining operation—staffing emergencies, customer complaints, supply shortages, and health inspections all require a human in the room making quick decisions. Their deep knowledge of their specific team, vendors, and location is hard to replicate. AI will help with scheduling, inventory, and ordering, but the people-management and real-time problem-solving core of the job remains firmly human."
3,49-3031.00,Bus and Truck Mechanics and Diesel Engine Specialists,https://www.onetonline.org/link/summary/49-3031.00,"$29.15 hourly, $60,640 annual",Slower than average (1% to 2%),2.4,"26,500",Post-secondary certificate,"Bus Mechanic, Diesel Mechanic, Diesel Technician (Diesel Tech), Fleet Mechanic, General Repair Mechanic, Heavy Truck Mechanic, Service Technician, Trailer Mechanic, Transit Mechanic, Truck Mechanic","Diagnose, adjust, repair, or overhaul buses and trucks, or maintain and repair any type of diesel engines. Includes mechanics working primarily with automobile or marine diesel engines.",3.2,0.59,"Diesel mechanics work hands-on in unpredictable shop and roadside environments, diagnosing and repairing heavy equipment that requires significant physical dexterity—something robots can't reliably do. Each vehicle presents unique problems shaped by age, use history, and prior repairs, demanding real troubleshooting skill. As fleets adopt more complex technology, experienced mechanics who can interpret diagnostic tools and adapt to new systems will remain essential."
2,33-9092.00,"Lifeguards, Ski Patrol, and Other Recreational Protective Service Workers",https://www.onetonline.org/link/summary/33-9092.00,"$16.21 hourly, $33,720 annual",Faster than average (5% to 6%),5.8,"42,700",Less than high school diploma,"Beach Attendant, Beach Lifeguard, Lifeguard, Marine Safety Officer, Ocean Lifeguard, Ocean Lifeguard Specialist, Pool Attendant, Pool Lifeguard, Ski Patrol Paramedic, Ski Patroller","Monitor recreational areas, such as pools, beaches, or ski slopes, to provide assistance and protection to participants.",2.9,0.59,"The entire value of a lifeguard or ski patrol worker is being physically present in dynamic, unpredictable outdoor environments and responding instantly to emergencies—something no AI or robot can reliably do. They make real-time life-or-death judgment calls and carry certification-based accountability for safety. However, the role doesn't benefit much from AI advances and there's limited opportunity for AI to expand demand or free up their time."
3,49-2098.00,Security and Fire Alarm Systems Installers,https://www.onetonline.org/link/summary/49-2098.00,"$28.51 hourly, $59,300 annual",Much faster than average (7% or higher),10.4,"9,400",Post-secondary certificate,"Alarm Technician, Fire Alarm Technician (Fire Alarm Tech), Home Security Alarm Installer, Install Technician, Installation Technician, Installer, Security Installation Technician, Security Installer, Security Technician (Security Tech), Service Technician","Install, program, maintain, and repair security and fire alarm wiring and equipment. Ensure that work is in accordance with relevant codes.",3,0.59,"This job is hands-on work in unpredictable environments — running wiring through walls, mounting sensors, and troubleshooting installations in buildings that are all slightly different. Robots can't navigate crawl spaces, attics, and existing construction the way a skilled installer can. Growing demand for smart building systems and connected security technology means these workers will have more, not less, work as AI-driven security systems need physical installation and maintenance."
2,49-9051.00,Electrical Power-Line Installers and Repairers,https://www.onetonline.org/link/summary/49-9051.00,"$44.50 hourly, $92,560 annual",Much faster than average (7% or higher),6.6,"10,700",High school diploma or equivalent,"Class Gloving Electrical Lineman, Class Rubber Gloving Lineman, Electrical Lineman, Electrical Lineworker, Lineworker, Power Lineman, Power Lineman Technician, Service Man, Third Step Lineman, Troubleman",Install or repair cables or wires used in electrical power or distribution systems. May erect poles and light or heavy duty transmission towers.,3.1,0.589,"Power-line installers climb poles and towers, work from bucket trucks, and string cable in all weather conditions across highly unstructured outdoor environments—this is about as far from automatable desk work as it gets. The job carries real physical danger and requires licensed, safety-certified workers, which adds a layer of human accountability. Growing demand for grid expansion and renewable energy connections should keep this role steady or growing."
3,39-5012.00,"Hairdressers, Hairstylists, and Cosmetologists",https://www.onetonline.org/link/summary/39-5012.00,"$16.95 hourly, $35,250 annual",Faster than average (5% to 6%),5.6,"75,800",Post-secondary certificate,"Beautician, Cosmetologist, Hair Dresser, Hair Stylist, Hairdresser, Hairstylist, Stylist","Provide beauty services, such as cutting, coloring, and styling hair, and massaging and treating scalp. May shampoo hair, apply makeup, dress wigs, remove hair, and provide nail and skincare services.",2.8,0.589,"This work is fundamentally hands-on — stylists must physically touch, manipulate, and shape hair in real time on unique individuals, which makes automation extremely difficult. Clients also build personal relationships with their stylist and trust them with their appearance, adding a strong human loyalty factor. However, the role doesn't involve high-stakes judgment or legal accountability, and AI doesn't create new demand for hairstyling, which limits the overall score."
2,35-2014.00,"Cooks, Restaurant",https://www.onetonline.org/link/summary/35-2014.00,"$17.71 hourly, $36,830 annual",Much faster than average (7% or higher),14.9,"250,700",High school diploma or equivalent,"Back Line Cook, Banquet Cook, Breakfast Cook, Cook, Fry Cook, Grill Cook, Line Cook, Prep Cook (Preparation Cook), Prep Person (Preparation Person), Saucier","Prepare, season, and cook dishes such as soups, meats, vegetables, or desserts in restaurants. May order supplies, keep records and accounts, price items on menu, or plan menu.",2.3,0.588,"Restaurant cooks work in fast-paced, physical kitchen environments where they must handle varied orders and adapt to changing conditions on the fly. There's some creative element in plating and execution, and food safety requirements add a layer of accountability. However, much of the work follows established recipes and techniques, and kitchen automation is advancing steadily, making the role moderately vulnerable over time."
3,29-2032.00,Diagnostic Medical Sonographers,https://www.onetonline.org/link/summary/29-2032.00,"$42.95 hourly, $89,340 annual",Much faster than average (7% or higher),13,"5,800",Associate's degree,"Cardiac Sonographer, Diagnostic Medical Sonographer, Medical Sonographer, Registered Diagnostic Medical Sonographer (RDMS), Sonographer, Staff Sonographer, Ultrasonographer, Ultrasound Technician (Ultrasound Tech), Ultrasound Technologist (Ultrasound Tech)",Produce ultrasonic recordings of internal organs for use by physicians. Includes vascular technologists.,3,0.588,"Sonographers must be physically present with patients, skillfully maneuvering a transducer in real time to capture the right images—a hands-on task that requires adapting to each patient's body and condition. They work under clinical oversight but carry meaningful responsibility for image quality and preliminary assessments. AI will improve image analysis but still needs a skilled human at the bedside to acquire those images and reassure patients during vulnerable moments."
3,11-3013.00,Facilities Managers,https://www.onetonline.org/link/summary/11-3013.00,"$50.33 hourly, $104,690 annual",Average (3% to 4%),3.8,"13,200",Associate's degree,"Building Maintenance Superintendent, Building Services Supervisor, Facilities Coordinator, Facilities Director, Facilities Engineer, Facilities Maintenance Manager, Facilities Manager, Facilities Operations Manager (Facilities Ops Manager), Facilities Operations Specialist (Facilities Ops Specialist), Maintenance Superintendent","Plan, direct, or coordinate operations and functionalities of facilities and buildings. May include surrounding grounds or multiple facilities of an organization's campus.",3.2,0.588,"Facilities managers need to physically walk buildings, respond to emergencies, and coordinate a wide range of vendors, tenants, and internal teams. Success depends heavily on knowing the quirks of specific properties and navigating competing priorities among stakeholders. AI will actually help these managers by automating building monitoring and predictive maintenance, letting them focus on higher-level oversight and decision-making rather than replacing them."
2,35-1012.00,First-Line Supervisors of Food Preparation and Serving Workers,https://www.onetonline.org/link/summary/35-1012.00,"$20.20 hourly, $42,010 annual",Faster than average (5% to 6%),6,"183,900",High school diploma or equivalent,"Cafeteria Manager, Dietary Supervisor, Dining Services Director, Food and Beverage Director, Food and Nutrition Services Supervisor, Food Production Supervisor, Food Service Supervisor, Kitchen Manager, Kitchen Supervisor, Restaurant Manager",Directly supervise and coordinate activities of workers engaged in preparing and serving food.,2.6,0.586,"Food service supervisors must be physically present to manage fast-paced kitchen and dining environments, which provides real protection against automation. However, the judgment required is mostly routine—handling familiar staffing, quality, and customer issues rather than genuinely novel situations—and the role carries limited legal accountability. AI tools can already help with scheduling, inventory, and ordering, and while the hands-on people management keeps humans needed, the overall vulnerability is moderate."
3,53-2021.00,Air Traffic Controllers,https://www.onetonline.org/link/summary/53-2021.00,"$69.51 hourly, $144,580 annual",Slower than average (1% to 2%),1.2,"2,200",High school diploma or equivalent,"Air Traffic Control Specialist (ATCS), Air Traffic Controller (ATC), Center Air Traffic Controller (Center ATC), Certified Professional Controller (CPC), Control Tower Operator, Enroute Air Traffic Controller (Enroute ATC), Radar Air Traffic Controller, Terminal Air Traffic Control Specialist (Terminal ATC Specialist), Tower Air Traffic Controller (Tower ATC)","Control air traffic on and within vicinity of airport, and movement of air traffic between altitude sectors and control centers, according to established procedures and policies. Authorize, regulate, and control commercial airline flights according to government or company regulations to expedite and ensure flight safety.",3.7,0.58,"Air traffic controllers make life-or-death decisions in real time under ambiguous, rapidly changing conditions—the kind of high-stakes judgment where pattern-matching alone isn't enough. Regulations require a certified human to be responsible for separation and sequencing of aircraft, and society is unlikely to remove that requirement anytime soon. AI will likely serve as a powerful decision-support tool, making controllers more effective rather than replacing them, especially as air traffic volume grows."
3,53-5021.00,"Captains, Mates, and Pilots of Water Vessels",https://www.onetonline.org/link/summary/53-5021.00,"$41.13 hourly, $85,540 annual",Slower than average (1% to 2%),0.5,"4,300",High school diploma or equivalent,"Boat Captain, Captain, Ferry Boat Captain, First Mate, Harbor Pilot, Mate, River Pilot, Ship Pilot, Tugboat Captain, Vessel Master","Command or supervise operations of ships and water vessels, such as tugboats and ferryboats. Required to hold license issued by U.S. Coast Guard.",3.7,0.58,"Captains and pilots of water vessels must be physically aboard in highly unpredictable environments—weather, currents, port congestion—where split-second judgment can prevent catastrophe. They hold legal licenses and bear direct accountability for the safety of crew, passengers, and cargo. While autonomous vessel technology is advancing, regulatory frameworks and the complexity of real-world waterway navigation will keep licensed humans in command for the foreseeable future."
2,39-1014.00,"First-Line Supervisors of Entertainment and Recreation Workers, Except Gambling Services",https://www.onetonline.org/link/summary/39-1014.00,"$22.55 hourly, $46,900 annual",Faster than average (5% to 6%),6.3,"13,400",High school diploma,"Caddymaster, Community Life Director, Hair Salon Manager, Hotel Services Supervisor, Recreation Coordinator, Salon Manager",Directly supervise and coordinate activities of entertainment and recreation related workers.,3,0.58,"These supervisors need to be physically on-site managing staff and responding to real-time issues at recreation venues, parks, or entertainment facilities—environments that are dynamic and people-heavy. While the role involves meaningful judgment around guest safety and staffing, the stakes and complexity are moderate, and there's limited legal accountability that would require a human by law. AI could assist with scheduling and operations, but the hands-on people management keeps this role grounded in human work."
3,11-9171.00,Funeral Home Managers,https://www.onetonline.org/link/summary/11-9171.00,"$36.94 hourly, $76,830 annual",Average (3% to 4%),4.1,"2,600",Associate's degree,"Arranging Funeral Director, Funeral Director, Funeral Home Location Manager, Funeral Home Manager, Funeral Home Owner, Funeral Service Manager, Licensed Funeral Director, Location Manager, Mortuary Operations Manager (Mortuary Ops Manager), Prearranged Funeral Sales Manager","Plan, direct, or coordinate the services or resources of funeral homes. Includes activities such as determining prices for services or merchandise and managing the facilities of funeral homes.",3.4,0.58,"Funeral home managers serve families during their most vulnerable moments, and the human relationship is truly the product—people need to trust that someone with genuine empathy and experience is caring for their loved ones. The role carries real legal accountability through licensure, regulatory compliance, and oversight of remains handling. While AI can help with scheduling and administrative tasks, the deeply personal nature of grief support combined with legal responsibilities makes this role strongly resistant to displacement."
2,53-2031.00,Flight Attendants,https://www.onetonline.org/link/summary/53-2031.00,"$67,130 annual",Much faster than average (7% or higher),9.2,"19,800",High school diploma or equivalent,"Flight Attendant, In-Flight Crew Member, Inflight Services Flight Attendant, International Flight Attendant, Purser","Monitor safety of the aircraft cabin. Provide services to airline passengers, explain safety information, serve food and beverages, and respond to emergency incidents.",2.8,0.577,"Flight attendants must be physically present in a confined, unpredictable environment where they manage passenger safety during emergencies—situations that demand quick human judgment. Federal regulations require trained humans onboard to handle evacuations, medical events, and security incidents. However, much of the routine service work could theoretically be reduced, and AI doesn't create new demand for this role."
3,31-9091.00,Dental Assistants,https://www.onetonline.org/link/summary/31-9091.00,"$22.74 hourly, $47,300 annual",Faster than average (5% to 6%),6.4,"52,900",Post-secondary certificate,"Certified Dental Assistant (CDA), Certified Registered Dental Assistant, Dental Assistant (DA), Expanded Dental Assistant, Expanded Duty Dental Assistant (EDDA), Expanded Functions Dental Assistant (EFDA), Oral Surgery Assistant, Orthodontic Assistant (Ortho Assistant), Registered Dental Assistant (RDA), Surgical Dental Assistant","Perform limited clinical duties under the direction of a dentist. Clinical duties may include equipment preparation and sterilization, preparing patients for treatment, assisting the dentist during treatment, and providing patients with instructions for oral healthcare procedures. May perform administrative duties such as scheduling appointments, maintaining medical records, billing, and coding information for insurance purposes.",2.7,0.573,"Dental assistants must be physically present in the operatory, handing instruments, managing suction, and comforting patients—tasks that require real-time dexterity in a small, unstructured space. Patients also value a friendly, reassuring human presence during procedures. While the role doesn't involve high-stakes independent judgment or licensure in most states, the hands-on nature of the work and growing demand for dental care provide solid protection against automation."
3,31-1131.00,Nursing Assistants,https://www.onetonline.org/link/summary/31-1131.00,"$19.01 hourly, $39,530 annual",Slower than average (1% to 2%),2.3,"204,100",High school diploma or equivalent,"Certified Medication Aide (CMA), Certified Nurse Aide (CNA), Certified Nurses Aide (CNA), Certified Nursing Assistant (CNA), Licensed Nursing Assistant (LNA), Nurses' Aide, Nursing Aide, Nursing Assistant, Patient Care Assistant (PCA), State Tested Nursing Assistant (STNA)","Provide or assist with basic care or support under the direction of onsite licensed nursing staff. Perform duties such as monitoring of health status, feeding, bathing, dressing, grooming, toileting, or ambulation of patients in a health or nursing facility. May include medication administration and other health-related tasks. Includes nursing care attendants, nursing aides, and nursing attendants.",2.7,0.571,"Nursing assistants are strongly protected by the physical, hands-on nature of the work—bathing, feeding, repositioning, and comforting patients requires a human body in the room, and robots are nowhere near replacing that. However, the role involves limited independent judgment and no licensure-level accountability, which means it lacks the deeper professional defenses that shield higher-level healthcare roles. Demand remains steady due to an aging population, but the work itself won't expand much because of AI."
2,47-2044.00,Tile and Stone Setters,https://www.onetonline.org/link/summary/47-2044.00,"$25.11 hourly, $52,240 annual",Much faster than average (7% or higher),10.1,"4,200",High school diploma or equivalent,"Ceramic Tile Mechanic, Ceramic Tile Setter, Tile and Marble Installer, Tile and Marble Setter, Tile Finisher, Tile Installer, Tile Man, Tile Mason, Tile Mechanic, Tile Setter","Apply hard tile, stone, and comparable materials to walls, floors, ceilings, countertops, and roof decks.",3,0.571,"Tile and stone setters work on unique job sites where surfaces, angles, and layouts are never exactly the same. The role demands significant hands-on dexterity and the ability to adapt to unpredictable physical conditions that robots cannot easily handle. There is also a meaningful craft element—especially in decorative or custom work—where an experienced setter's eye for layout and finish quality adds real value."
3,33-3021.00,Detectives and Criminal Investigators,https://www.onetonline.org/link/summary/33-3021.00,"$44.99 hourly, $93,580 annual",Decline (-1% or lower),-0.7,"7,800",High school diploma or equivalent,"Crime Scene Investigator (CSI), Criminal Investigator, Detective, Fugitive Detective, Fugitive Investigator, Investigator, Narcotics Detective, Narcotics Investigator, Police Detective, Special Agent","Conduct investigations related to suspected violations of federal, state, or local laws to prevent or solve crimes.",3.8,0.568,"Detectives work in unpredictable, real-world environments—interviewing witnesses, executing search warrants, and making judgment calls in ambiguous, high-stakes situations where the wrong decision can compromise cases or endanger lives. They carry legal authority and accountability that cannot be delegated to a machine. AI will actually help by automating paperwork and analyzing large datasets faster, freeing investigators to focus on the complex human elements of casework."
3,33-2021.00,Fire Inspectors and Investigators,https://www.onetonline.org/link/summary/33-2021.00,"$37.53 hourly, $78,060 annual",Average (3% to 4%),3.8,"1,500",Post-secondary certificate,"Arson Investigator, Fire Code Inspector, Fire Inspector, Fire Investigator, Fire Official, Fire Prevention Inspector, Fire Prevention Specialist, Fire Protection Specialist, Fire Safety Inspector, Fire Safety Specialist","Inspect buildings to detect fire hazards and enforce local ordinances and state laws, or investigate and gather facts to determine cause of fires and explosions.",3.4,0.566,"Fire inspectors and investigators must physically enter buildings and fire scenes, assess damage in unpredictable environments, and make legally binding determinations about code violations and fire causes. Each investigation presents unique conditions that require genuine detective work and professional judgment—not just pattern matching. Their findings carry legal weight in court proceedings and insurance claims, which demands a credentialed human who can be held accountable."
3,33-2022.00,Forest Fire Inspectors and Prevention Specialists,https://www.onetonline.org/link/summary/33-2022.00,"$25.19 hourly, $52,380 annual",Much faster than average (7% or higher),14.6,300,High school diploma or equivalent,"Fire Management Officer, Fire Operations Forester, Fire Prevention Officer, Fire Prevention Technician, Fire Technician, Forest Officer, Forest Patrolman, Forestry Patrolman, Wildfire Mitigation Specialist, Wildfire Prevention Specialist","Enforce fire regulations, inspect forest for fire hazards, and recommend forest fire prevention or control measures. May report forest fires and weather conditions.",3.3,0.565,"Fire inspectors work in unpredictable outdoor environments where they must assess real-world conditions—terrain, vegetation, structures—and make high-stakes judgment calls about risk that can affect lives and property. Their authority to enforce codes and issue compliance orders requires human accountability. AI-powered sensors and predictive models will actually make these specialists more effective by flagging risks earlier, expanding demand for the humans who interpret data and make enforcement decisions on the ground."
3,49-9092.00,Commercial Divers,https://www.onetonline.org/link/summary/49-9092.00,"$29.39 hourly, $61,130 annual",Much faster than average (7% or higher),8.5,400,Post-secondary certificate,"Commercial Diver, Diver, Diver Tender, Hard Hat Diver, Non Destructive Testing Under Water Welder (NDT U/W Welder), Salvage Diver, Tender","Work below surface of water, using surface-supplied air or scuba equipment to inspect, repair, remove, or install equipment and structures. May use a variety of power and hand tools, such as drills, sledgehammers, torches, and welding equipment. May conduct tests or experiments, rig explosives, or photograph structures or marine life.",3.4,0.564,"Commercial diving demands working in unpredictable, physically dangerous underwater environments where no robot can match human adaptability and problem-solving. Every dive site presents unique challenges — structural conditions, currents, visibility — requiring real-time judgment where mistakes can be life-threatening. The combination of extreme physical demands and high-stakes decision-making makes this role very difficult to automate."
2,47-2073.00,Operating Engineers and Other Construction Equipment Operators,https://www.onetonline.org/link/summary/47-2073.00,"$28.23 hourly, $58,710 annual",Average (3% to 4%),3.6,"41,900",High school diploma,"Back Hoe Operator, Engineering Equipment Operator, Equipment Operator (EO), Forklift Operator, Heavy Equipment Operator (HEO), Hot Mix Asphalt Operator, Machine Operator, Motor Grader Operator, Operating Engineer, Track Hoe Operator","Operate one or several types of power construction equipment, such as motor graders, bulldozers, scrapers, compressors, pumps, derricks, shovels, tractors, or front-end loaders to excavate, move, and grade earth, erect structures, or pour concrete or other hard surface pavement. May repair and maintain equipment in addition to other duties.",2.8,0.562,"Operating engineers work outdoors on construction sites, navigating uneven terrain, variable weather, and constantly changing conditions that require real-time spatial judgment. Autonomous heavy equipment is advancing but remains far from handling the unpredictable, high-stakes environments these operators face daily. The strong physical presence requirement is the primary shield, though the role lacks the legal accountability or trust dimensions that would push resilience higher."
2,39-2011.00,Animal Trainers,https://www.onetonline.org/link/summary/39-2011.00,"$18.63 hourly, $38,750 annual",Faster than average (5% to 6%),5.1,"7,100",High school diploma or equivalent,"Agility Instructor, Dog Obedience Instructor, Dog Trainer, Guide Dog Instructor, Guide Dog Mobility Instructor (GDMI), Guide Dog Trainer, Horse Trainer, Racehorse Trainer, Service Dog Trainer, Trainer","Train animals for riding, harness, security, performance, or obedience, or for assisting persons with disabilities. Accustom animals to human voice and contact, and condition animals to respond to commands. Train animals according to prescribed standards for show or competition. May train animals to carry pack loads or work as part of pack team.",3,0.559,"Animal training is deeply physical and relational—trainers must read an individual animal's body language, adapt in real time, and build trust through repeated personal interaction. Each animal responds differently, and the trainer's own growth through the relationship is central to success. Clients trust specific trainers with their animals, making the human bond a core part of the service. However, there are no licensing barriers, and AI offers limited productivity gains for this hands-on work."
3,39-5091.00,"Makeup Artists, Theatrical and Performance",https://www.onetonline.org/link/summary/39-5091.00,"$24.17 hourly, $50,280 annual",Much faster than average (7% or higher),8.1,"1,100",High school diploma or equivalent,"Commercial Makeup Artist (Commercial MUA), Hair and Makeup Designer, Makeup Artist (MUA), Prosthetic Makeup Designer, Special Effects Makeup Artist (Special Effects MUA), Special Makeup Effects Artist, TV and Film Makeup Artist (Television and Film Makeup Artist)","Apply makeup to performers to reflect period, setting, and situation of their role.",3.2,0.559,"Theatrical makeup artists work directly on human faces and bodies in live, high-pressure environments—every performer's features, skin, and the lighting conditions are different, demanding skilled hands-on artistry. Their creative vision and personal style are a major part of why they're hired, and audiences and directors value the authenticity of human-crafted looks. While AI might assist with design concepts, the physical application and artistic judgment on set remain firmly human tasks."
3,39-5094.00,Skincare Specialists,https://www.onetonline.org/link/summary/39-5094.00,"$19.98 hourly, $41,560 annual",Much faster than average (7% or higher),6.7,"14,500",High school diploma or equivalent,"Aesthetician, Clinical Esthetician, Electrologist, Esthetician, Facialist, Medical Esthetician, Skin Therapist, Skincare Specialist, Skincare Therapist, Spa Technician (Spa Tech)",Provide skincare treatments to face and body to enhance an individual's appearance. Includes electrologists and laser hair removal specialists.,2.8,0.559,"Skincare specialists provide hands-on treatments that require physical touch and direct interaction with clients' skin, which machines cannot easily replicate. The personal relationship and trust between the specialist and client is a major part of why people seek these services—clients are buying a caring human experience, not just a procedure. While the role doesn't carry heavy legal protections, the combination of physical intimacy and relationship-driven value keeps it reasonably safe from AI replacement."
3,49-2091.00,Avionics Technicians,https://www.onetonline.org/link/summary/49-2091.00,"$39.13 hourly, $81,390 annual",Much faster than average (7% or higher),8.2,"1,800",Post-secondary certificate,"Aircraft Electrical Systems Specialist, Aircraft Technician, Aviation Electrical Technician, Aviation Electronics Technician, Avionics Electronics Technician, Avionics Installer, Avionics Systems Integration Specialist, Avionics Technician (Avionics Tech), Electronic Technician","Install, inspect, test, adjust, or repair avionics equipment, such as radar, radio, navigation, and missile control systems in aircraft or space vehicles.",3.1,0.558,"Avionics technicians work hands-on with complex electronic systems inside aircraft, requiring physical dexterity in cramped, safety-critical environments. The aviation industry's strict regulatory framework means human technicians must perform and certify this work, providing a meaningful legal shield. As aircraft systems grow more sophisticated with AI-driven avionics, these technicians will increasingly need to troubleshoot and maintain AI-powered systems, keeping their skills relevant and in demand."
3,11-3012.00,Administrative Services Managers,https://www.onetonline.org/link/summary/11-3012.00,"$52.11 hourly, $108,390 annual",Faster than average (5% to 6%),4.6,"23,200",High school diploma or equivalent,"Administrative Coordinator, Administrative Director, Administrative Manager, Administrative Officer, Administrator, Business Administrator, Business Manager","Plan, direct, or coordinate one or more administrative services of an organization, such as records and information management, mail distribution, and other office support services.",2.8,0.557,"Administrative services managers derive much of their value from deep knowledge of how their specific organization works—the people, the processes, the workarounds—and from navigating internal politics to keep operations running smoothly. However, many of their core tasks around scheduling, facilities coordination, procurement, and reporting are increasingly automatable. The role will likely shrink as AI handles more operational logistics, though someone will still need to manage the human side of keeping an office or facility functioning."
3,49-3042.00,"Mobile Heavy Equipment Mechanics, Except Engines",https://www.onetonline.org/link/summary/49-3042.00,"$30.76 hourly, $63,980 annual",Faster than average (5% to 6%),5.8,"16,500",Post-secondary certificate,"Construction Equipment Mechanic, Equipment Mechanic, Equipment Technician, Field Mechanic, Field Service Technician, Field Technician, Heavy Equipment Mechanic, Heavy Equipment Technician, Mechanic, Mobile Heavy Equipment Mechanic","Diagnose, adjust, repair, or overhaul mobile mechanical, hydraulic, and pneumatic equipment, such as cranes, bulldozers, graders, and conveyors, used in construction, logging, and mining.",2.8,0.557,"These mechanics work on bulldozers, cranes, and other heavy equipment in job sites, mines, and outdoor environments where conditions are unpredictable and every repair is different. The physical demands—crawling under massive machines, diagnosing problems by feel and sound, working in mud and weather—make this very hard for robots to replicate. While AI diagnostic tools may help identify issues faster, the hands-on repair work in unstructured environments keeps this role well-protected from automation."
3,15-1299.08,Computer Systems Engineers/Architects,https://www.onetonline.org/link/summary/15-1299.08,"$52.39 hourly, $108,970 annual",Much faster than average (7% or higher),,"31,300",Post-secondary certificate,"Infrastructure Engineer, IT Architect (Information Technology Architect), IT Engineer (Information Technology Engineer), Network and Infrastructure Engineer, Solutions Architect, Systems Application Engineer, Systems Architect, Systems Consultant, Systems Engineer, Web Architect","Design and develop solutions to complex applications problems, system administration issues, or network concerns. Perform systems management and integration functions.",3,0.556,"Systems architects make high-stakes design decisions about complex infrastructure where mistakes can be costly and situations are often genuinely novel. AI will handle more routine design patterns, but someone still needs to make the big-picture architectural calls and integrate competing constraints. These professionals are also well-positioned to direct and validate AI-generated designs, keeping them relevant as AI tools expand what's possible."
3,25-3021.00,Self-Enrichment Teachers,https://www.onetonline.org/link/summary/25-3021.00,"$21.92 hourly, $45,590 annual",Average (3% to 4%),3.7,"51,400",Associate's degree,"Art Teacher, Dance Instructor, Dance Teacher, Driving Instructor, Flight Instructor, Instructor, Martial Arts Instructor, Music Instructor, Piano Teacher, Teacher","Teach or instruct individuals or groups for the primary purpose of self-enrichment or recreation, rather than for an occupational objective, educational attainment, competition, or fitness.",2.7,0.555,"People take self-enrichment classes—cooking, art, music, yoga—largely for the human connection and shared experience, not just the information. The relationship between teacher and student, and the way good instructors adapt and grow alongside their learners, is central to what makes these classes valuable. However, these roles lack legal protections or licensing requirements, and AI-powered learning platforms will compete directly for students seeking convenience over community."
2,39-2021.00,Animal Caretakers,https://www.onetonline.org/link/summary/39-2021.00,"$16.09 hourly, $33,470 annual",Much faster than average (7% or higher),12.1,"74,600",High school diploma or equivalent,"Animal Care Giver (ACG), Aquarist, Dog Bather, Dog Groomer, Groomer, Kennel Attendant, Kennel Technician (Kennel Tech), Pet Groomer, Pet Stylist, Zookeeper","Feed, water, groom, bathe, exercise, or otherwise provide care to promote and maintain the well-being of pets and other animals that are not raised for consumption, such as dogs, cats, race horses, ornamental fish or birds, zoo animals, and mice. Work in settings such as kennels, animal shelters, zoos, circuses, and aquariums. May keep records of feedings, treatments, and animals received or discharged. May clean, disinfect, and repair cages, pens, or fish tanks.",2.3,0.554,"The core strength of this role is that it requires hands-on physical work with living animals in unpredictable settings—feeding, cleaning, exercising, and monitoring health—which robots cannot reliably do. Pet owners also value knowing a caring human is looking after their animals. However, the work involves limited complex judgment, no licensing requirements, and AI offers little to amplify the role's productivity."
2,31-9096.00,Veterinary Assistants and Laboratory Animal Caretakers,https://www.onetonline.org/link/summary/31-9096.00,"$17.94 hourly, $37,320 annual",Much faster than average (7% or higher),8.7,"22,200",High school diploma or equivalent,"Animal Care Provider, Animal Caregiver, Avian Keeper, Certified Veterinary Assistant, Emergency Veterinary Assistant, Inpatient Technician Assistant, Kennel Vet Assistant (Kennel Veterinary Assistant), Research Animal Attendant, Small Animal Caretaker, Veterinarian Assistant (Vet Assistant)","Feed, water, and examine pets and other nonfarm animals for signs of illness, disease, or injury in laboratories and animal hospitals and clinics. Clean and disinfect cages and work areas, and sterilize laboratory and surgical equipment. May provide routine postoperative care, administer medication orally or topically, or prepare samples for laboratory examination under the supervision of veterinary or laboratory animal technologists or technicians, veterinarians, or scientists.",2.6,0.553,"Veterinary assistants and lab animal caretakers work hands-on with animals every day—feeding, cleaning, restraining, and providing basic care in environments that are unpredictable and require a physical human presence. This strong physical component protects the role from automation more than most entry-level positions. However, the work involves limited independent judgment, no licensure requirements, and only modest potential to benefit from AI-driven productivity gains."
3,29-9093.00,Surgical Assistants,https://www.onetonline.org/link/summary/29-9093.00,"$28.99 hourly, $60,290 annual",Faster than average (5% to 6%),5.1,"1,600",Associate's degree,"Certified First Assistant (CFA), Certified Registered Nurse First Assistant (CRNFA), Certified Surgical Assistant (CSA), Certified Surgical First Assistant (CSFA), Certified Surgical Technician, Gastrointestinal Technician (GI Technician), Registered Nurse First Assistant (RNFA), Surgical First Assistant, Surgical Scrub Technician (Surgical Scrub Tech), Surgical Technician (Surgical Tech)","Assist in operations, under the supervision of surgeons. May, in accordance with state laws, help surgeons to make incisions and close surgical sites, manipulate or remove tissues, implant surgical devices or drains, suction the surgical site, place catheters, clamp or cauterize vessels or tissue, and apply dressings to surgical site.",3.2,0.551,"Surgical assistants must be physically present in the operating room, working hands-on with surgeons during procedures where every patient's anatomy and situation is slightly different. The work demands real-time dexterity and the ability to anticipate the surgeon's needs in a high-stakes environment. While robotic surgical systems are advancing, they still require skilled humans at the table, and as AI helps expand the volume of surgeries that can be performed, demand for skilled assistants may actually grow."
3,15-1211.00,Computer Systems Analysts,https://www.onetonline.org/link/summary/15-1211.00,"$49.90 hourly, $103,790 annual",Much faster than average (7% or higher),8.7,"34,200",Associate's degree,"Applications Analyst, Business Systems Analyst, Computer Analyst, Computer Systems Analyst, Computer Systems Consultant, Information Systems Analyst (ISA), IT Analyst (Information Technology Analyst), IT Systems Analyst (Information Technology Systems Analyst), Programmer Analyst, Systems Analyst","Analyze science, engineering, business, and other data processing problems to develop and implement solutions to complex applications problems, system administration issues, or network concerns. Perform systems management and integration functions, improve existing computer systems, and review computer system capabilities, workflow, and schedule limitations. May analyze or recommend commercially available software.",2.5,0.55,"Systems analysts bridge business needs and technology solutions, which requires deep knowledge of how an organization actually works. However, much of the requirements-gathering, documentation, and system evaluation work is increasingly automatable by AI tools. The role's best protection is its organizational knowledge and the growing need for someone to evaluate and oversee AI-driven system recommendations, though the lack of legal accountability or physical presence leaves it exposed."
3,29-2099.05,Ophthalmic Medical Technologists,https://www.onetonline.org/link/summary/29-2099.05,"$23.46 hourly, $48,790 annual",Faster than average (5% to 6%),,"13,600",High school diploma or equivalent,"Certified Diagnostic Ophthalmic Sonographer (CDOS), Certified Ophthalmic Medical Technologist (COMT), Ophthalmic Echographer, Ophthalmic Medical Technologist (Ophthalmic Medical Tech), Ophthalmic Photographer, Ophthalmic Sonographer, Ophthalmic Technologist (Ophthalmic Tech), Ophthalmic Ultrasonographer, Registered Ophthalmic Ultrasound Biometrist (ROUB), Surgical Coordinator","Assist ophthalmologists by performing ophthalmic clinical functions and ophthalmic photography. Provide instruction and supervision to other ophthalmic personnel. Assist with minor surgical procedures, applying aseptic techniques and preparing instruments. May perform eye exams, administer eye medications, and instruct patients in care and use of corrective lenses.",3.1,0.55,"Ophthalmic medical technologists perform advanced diagnostic procedures and assist in eye surgeries, requiring both hands-on clinical skills and meaningful clinical judgment. They work under credential requirements and carry real accountability for the accuracy of their testing, which supports patient safety. As AI-powered imaging and diagnostic tools expand what's possible in ophthalmology, these technologists are well-positioned to manage and interpret those systems rather than be replaced by them."
2,47-2231.00,Solar Photovoltaic Installers,https://www.onetonline.org/link/summary/47-2231.00,"$24.93 hourly, $51,860 annual",Much faster than average (7% or higher),42.1,"4,100",Post-secondary certificate,"Journeyman Electrician PV Installer (Journeyman Electrician Photovoltaic Installer), PV Installation Tech (Photovoltaic Installation Technician), PV Installer (Photovoltaic Installer), Solar Designer, Solar Electric Installer, Solar Installer, Solar Panel Installation Technician (Solar Panel Installation Tech), Solar PV Installer (Solar Photovoltaic Installer), Solar PV Integrator (Solar Photovoltaic Integrator), Solar Technician (Solar Tech)","Assemble, install, or maintain solar photovoltaic (PV) systems on roofs or other structures in compliance with site assessment and schematics. May include measuring, cutting, assembling, and bolting structural framing and solar modules. May perform minor electrical work such as current checks.",2.4,0.55,"The strongest protection for this role is the physical work itself—climbing roofs, wiring panels, and working in tight or awkward spaces in all kinds of weather are tasks robots can't reliably do. However, the work is relatively procedural with limited need for complex judgment or human relationships. Growing solar adoption may increase demand, but the role's defenses rest almost entirely on the physical nature of the job."
